TP_FUNDO;CNPJ_FUNDO;DENOM_SOCIAL;DT_COMPTC;TP_APLIC;TP_ATIVO;EMISSOR_LIGADO;TP_NEGOC;QT_VENDA_NEGOC;VL_VENDA_NEGOC;QT_AQUIS_NEGOC;VL_AQUIS_NEGOC;QT_POS_FINAL;VL_MERC_POS_FINAL;VL_CUSTO_POS_FINAL;DT_CONFID_APLIC;CD_SWAP;DS_SWAP
FI;01.622.154/0001-88;BRADESCO FUNDO DE INVESTIMENTO RENDA FIXA HOUSTON;2021-06-30;DIFERENCIAL DE SWAP A PAGAR;SWAP;;;;;;;;7325224.00;;;SDL;DI1 X IAP
FI;01.630.152/0001-30;SANTANDER FUNDO DE INVESTIMENTO BREMEN MULTIMERCADO;2021-06-30;DIFERENCIAL DE SWAP A PAGAR;SWAP;;;;;;;;985024.90;;;SDL;DI1 X IAP
FI;02.885.730/0001-42;KONA FUNDO DE INVESTIMENTO MULTIMERCADO CREDITO PRIVADO INVESTIMENTO NO EXTERIOR;2021-06-30;DIFERENCIAL DE SWAP A PAGAR;SWAP;;;;;;;;8327375.04;;;SDP;DI1 X PRE
FI;02.885.730/0001-42;KONA FUNDO DE INVESTIMENTO MULTIMERCADO CREDITO PRIVADO INVESTIMENTO NO EXTERIOR;2021-06-30;DIFERENCIAL DE SWAP A RECEBER;SWAP;;;;;;;;12880942.93;;;SDP;DI1 X PRE
FI;03.191.766/0001-99;FUNDO DE INVESTIMENTO CAIXA SÊNIOR IV MULTIMERCADO;2021-06-30;DIFERENCIAL DE SWAP A PAGAR;SWAP;;;;;;;;802989.68;;2021-09-28;SDP;DI1 X PRE
FI;03.191.766/0001-99;FUNDO DE INVESTIMENTO CAIXA SÊNIOR IV MULTIMERCADO;2021-06-30;DIFERENCIAL DE SWAP A RECEBER;SWAP;;;;;;;;709629.61;;2021-09-28;SDP;DI1 X PRE
FI;03.597.122/0001-03;RESULT FUNDO DE INVESTIMENTO MULTIMERCADO INVESTIMENTO NO EXTERIOR CREDITO PRIVADO;2021-06-30;DIFERENCIAL DE SWAP A RECEBER;SWAP;;;;;;;;64100.83;;;SDP;DI1 X PRE
FI;03.597.388/0001-48;BRADESCO FUNDO DE INVESTIMENTO MULTIMERCADO CRAFT;2021-06-30;DIFERENCIAL DE SWAP A PAGAR;SWAP;;;;;;;;905183.77;;2021-09-28;SDL;DI1 X IAP
FI;03.737.188/0001-43;FUNDO DE INVESTIMENTO CAIXA MULTIMERCADO RV 30 LONGO PRAZO;2021-06-30;DIFERENCIAL DE SWAP A PAGAR;SWAP;;;;;;;;741892.64;;2021-09-28;SDP;DI1 X PRE
FI;03.737.188/0001-43;FUNDO DE INVESTIMENTO CAIXA MULTIMERCADO RV 30 LONGO PRAZO;2021-06-30;DIFERENCIAL DE SWAP A RECEBER;SWAP;;;;;;;;394924.31;;2021-09-28;SDP;DI1 X PRE
FI;04.085.474/0001-34;CREDIT SUISSE PRÓPRIO FUNDO DE INVESTIMENTO MULTIMERCADO CREDITO PRIVADO INVESTIMENTO NO EXTERIOR;2021-06-30;DIFERENCIAL DE SWAP A PAGAR;SWAP;;;;;;;;38540514.17;;2021-09-28;SDL;DI1 X IAP
FI;04.085.474/0001-34;CREDIT SUISSE PRÓPRIO FUNDO DE INVESTIMENTO MULTIMERCADO CREDITO PRIVADO INVESTIMENTO NO EXTERIOR;2021-06-30;DIFERENCIAL DE SWAP A PAGAR;SWAP;;;;;;;;8200505.01;;2021-09-28;SBP;TBF X PRE
FI;04.085.474/0001-34;CREDIT SUISSE PRÓPRIO FUNDO DE INVESTIMENTO MULTIMERCADO CREDITO PRIVADO INVESTIMENTO NO EXTERIOR;2021-06-30;DIFERENCIAL DE SWAP A PAGAR;SWAP;;;;;;;;43123292.05;;2021-09-28;SDP;DI1 X PRE
FI;04.085.474/0001-34;CREDIT SUISSE PRÓPRIO FUNDO DE INVESTIMENTO MULTIMERCADO CREDITO PRIVADO INVESTIMENTO NO EXTERIOR;2021-06-30;DIFERENCIAL DE SWAP A PAGAR;SWAP;;;;;;;;1195695.80;;2021-09-28;SDC;DI1 X DOL
FI;04.085.474/0001-34;CREDIT SUISSE PRÓPRIO FUNDO DE INVESTIMENTO MULTIMERCADO CREDITO PRIVADO INVESTIMENTO NO EXTERIOR;2021-06-30;DIFERENCIAL DE SWAP A PAGAR;SWAP;;;;;;;;2887858.38;;2021-09-28;SBD;SB1 X DI1
FI;04.085.474/0001-34;CREDIT SUISSE PRÓPRIO FUNDO DE INVESTIMENTO MULTIMERCADO CREDITO PRIVADO INVESTIMENTO NO EXTERIOR;2021-06-30;DIFERENCIAL DE SWAP A RECEBER;SWAP;;;;;;;;11925490.15;;2021-09-28;SCP;DOL X PRE
FI;04.085.474/0001-34;CREDIT SUISSE PRÓPRIO FUNDO DE INVESTIMENTO MULTIMERCADO CREDITO PRIVADO INVESTIMENTO NO EXTERIOR;2021-06-30;DIFERENCIAL DE SWAP A RECEBER;SWAP;;;;;;;;21490724.61;;2021-09-28;SPB;PRE X SB1
FI;04.085.474/0001-34;CREDIT SUISSE PRÓPRIO FUNDO DE INVESTIMENTO MULTIMERCADO CREDITO PRIVADO INVESTIMENTO NO EXTERIOR;2021-06-30;DIFERENCIAL DE SWAP A RECEBER;SWAP;;;;;;;;90330335.54;;2021-09-28;SDP;DI1 X PRE
FI;04.085.474/0001-34;CREDIT SUISSE PRÓPRIO FUNDO DE INVESTIMENTO MULTIMERCADO CREDITO PRIVADO INVESTIMENTO NO EXTERIOR;2021-06-30;DIFERENCIAL DE SWAP A RECEBER;SWAP;;;;;;;;32743411.16;;2021-09-28;SDL;DI1 X IAP
FI;04.085.474/0001-34;CREDIT SUISSE PRÓPRIO FUNDO DE INVESTIMENTO MULTIMERCADO CREDITO PRIVADO INVESTIMENTO NO EXTERIOR;2021-06-30;DIFERENCIAL DE SWAP A RECEBER;SWAP;;;;;;;;346630986.51;;2021-09-28;SDC;DI1 X DOL
FI;04.085.474/0001-34;CREDIT SUISSE PRÓPRIO FUNDO DE INVESTIMENTO MULTIMERCADO CREDITO PRIVADO INVESTIMENTO NO EXTERIOR;2021-06-30;DIFERENCIAL DE SWAP A RECEBER;SWAP;;;;;;;;10614331.81;;2021-09-28;SBD;SB1 X DI1
FI;04.573.108/0001-24;FUNDO DE INVESTIMENTO MULTIMERCADO BARRA VELHA II;2021-06-30;DIFERENCIAL DE SWAP A RECEBER;SWAP;;;;;;;;563539.92;;;SDL;DI1 X IAP
FI;05.075.861/0001-52;BB TOP EURO FUNDO DE INVESTIMENTO CAMBIAL LP;2021-06-30;DIFERENCIAL DE SWAP A PAGAR;SWAP;;;;;;;;5141795.96;;;SDE;DI1 X REU
FI;05.458.928/0001-38;FUNDO DE INVESTIMENTO RENDA FIXA SAGUARAJI PREVIDENCIARIO;2021-06-30;DIFERENCIAL DE SWAP A RECEBER;SWAP;;;;;;;;1437441.75;;;SDL;DI1 X IAP
FI;05.592.116/0001-80;LAWTON MULTIMERCADO EXCLUSIVO FUNDO DE INVESTIMENTO CRÉDITO PRIVADO;2021-06-30;DIFERENCIAL DE SWAP A PAGAR;SWAP;;;;;;;;40394611.34;;2021-09-28;SDC;DI1 X DOL
FI;05.592.116/0001-80;LAWTON MULTIMERCADO EXCLUSIVO FUNDO DE INVESTIMENTO CRÉDITO PRIVADO;2021-06-30;DIFERENCIAL DE SWAP A PAGAR;SWAP;;;;;;;;6114461.17;;2021-09-28;SDL;DI1 X IAP
FI;05.592.116/0001-80;LAWTON MULTIMERCADO EXCLUSIVO FUNDO DE INVESTIMENTO CRÉDITO PRIVADO;2021-06-30;DIFERENCIAL DE SWAP A RECEBER;SWAP;;;;;;;;5294764.93;;2021-09-28;SDL;DI1 X IAP
FI;05.754.066/0001-90;FUNDO DE INVESTIMENTO MULTIMERCADO ÁGATA CRÉDITO PRIVADO - INVESTIMENTO NO EXTERIOR;2021-06-30;DIFERENCIAL DE SWAP A PAGAR;SWAP;;;;;;;;222846.08;;;SDP;DI1 X PRE
FI;05.754.066/0001-90;FUNDO DE INVESTIMENTO MULTIMERCADO ÁGATA CRÉDITO PRIVADO - INVESTIMENTO NO EXTERIOR;2021-06-30;DIFERENCIAL DE SWAP A PAGAR;SWAP;;;;;;;;998411154.68;;;SDE;DI1 X REU
FI;05.754.066/0001-90;FUNDO DE INVESTIMENTO MULTIMERCADO ÁGATA CRÉDITO PRIVADO - INVESTIMENTO NO EXTERIOR;2021-06-30;DIFERENCIAL DE SWAP A PAGAR;SWAP;;;;;;;;29951731.36;;;SDC;DI1 X DOL
FI;05.754.066/0001-90;FUNDO DE INVESTIMENTO MULTIMERCADO ÁGATA CRÉDITO PRIVADO - INVESTIMENTO NO EXTERIOR;2021-06-30;DIFERENCIAL DE SWAP A PAGAR;SWAP;;;;;;;;69941581.59;;;SDL;DI1 X IAP
FI;05.754.066/0001-90;FUNDO DE INVESTIMENTO MULTIMERCADO ÁGATA CRÉDITO PRIVADO - INVESTIMENTO NO EXTERIOR;2021-06-30;DIFERENCIAL DE SWAP A PAGAR;SWAP;;;;;;;;130868158.36;;;SEP;REU X PRE
FI;05.754.066/0001-90;FUNDO DE INVESTIMENTO MULTIMERCADO ÁGATA CRÉDITO PRIVADO - INVESTIMENTO NO EXTERIOR;2021-06-30;DIFERENCIAL DE SWAP A PAGAR;SWAP;;;;;;;;7582252.87;;;SCP;DOL X PRE
FI;05.754.066/0001-90;FUNDO DE INVESTIMENTO MULTIMERCADO ÁGATA CRÉDITO PRIVADO - INVESTIMENTO NO EXTERIOR;2021-06-30;DIFERENCIAL DE SWAP A RECEBER;SWAP;;;;;;;;173638242.94;;;SCP;DOL X PRE
FI;05.754.066/0001-90;FUNDO DE INVESTIMENTO MULTIMERCADO ÁGATA CRÉDITO PRIVADO - INVESTIMENTO NO EXTERIOR;2021-06-30;DIFERENCIAL DE SWAP A RECEBER;SWAP;;;;;;;;118434066.25;;;SDC;DI1 X DOL
FI;05.754.066/0001-90;FUNDO DE INVESTIMENTO MULTIMERCADO ÁGATA CRÉDITO PRIVADO - INVESTIMENTO NO EXTERIOR;2021-06-30;DIFERENCIAL DE SWAP A RECEBER;SWAP;;;;;;;;25547668.94;;;SDE;DI1 X REU
FI;05.754.066/0001-90;FUNDO DE INVESTIMENTO MULTIMERCADO ÁGATA CRÉDITO PRIVADO - INVESTIMENTO NO EXTERIOR;2021-06-30;DIFERENCIAL DE SWAP A RECEBER;SWAP;;;;;;;;286394811.39;;;SEP;REU X PRE
FI;07.364.774/0001-40;FUNDO DE INVESTIMENTO MULTIMERCADO CRÉDITO PRIVADO VIENA;2021-06-30;DIFERENCIAL DE SWAP A RECEBER;SWAP;;;;;;;;428575.25;;;SDL;DI1 X IAP
FI;07.664.177/0001-31;FUNDO DE INVESTIMENTO CAIXA MASTER ESTRATEGICO MULTIMERCADO LONGO PRAZO;2021-06-30;DIFERENCIAL DE SWAP A PAGAR;SWAP;;;;;;;;418951.14;;2021-09-28;SDP;DI1 X PRE
FI;07.664.177/0001-31;FUNDO DE INVESTIMENTO CAIXA MASTER ESTRATEGICO MULTIMERCADO LONGO PRAZO;2021-06-30;DIFERENCIAL DE SWAP A RECEBER;SWAP;;;;;;;;296193.23;;2021-09-28;SDP;DI1 X PRE
FI;08.070.830/0001-05;FUNDO DE INVESTIMENTO CAIXA FUNPRESP MULTIMERCADO;2021-06-30;DIFERENCIAL DE SWAP A PAGAR;SWAP;;;;;;;;174562.46;;;SDP;DI1 X PRE
FI;08.070.830/0001-05;FUNDO DE INVESTIMENTO CAIXA FUNPRESP MULTIMERCADO;2021-06-30;DIFERENCIAL DE SWAP A RECEBER;SWAP;;;;;;;;117242.30;;;SDP;DI1 X PRE
FI;08.757.704/0001-15;BRAM H FUNDO DE INVESTIMENTO RENDA FIXA RENO;2021-06-30;DIFERENCIAL DE SWAP A PAGAR;SWAP;;;;;;;;5583656.68;;2021-09-28;SDL;DI1 X IAP
FI;08.757.704/0001-15;BRAM H FUNDO DE INVESTIMENTO RENDA FIXA RENO;2021-06-30;DIFERENCIAL DE SWAP A RECEBER;SWAP;;;;;;;;52372114.93;;2021-09-28;SDL;DI1 X IAP
FI;08.771.962/0001-56;OITI FUNDO DE INVESTIMENTO MULTIMERCADO CRÉDITO PRIVADO INVESTIMENTO NO EXTERIOR;2021-06-30;DIFERENCIAL DE SWAP A PAGAR;SWAP;;;;;;;;6394723436.29;;;SCP;DOL X PRE
FI;08.771.962/0001-56;OITI FUNDO DE INVESTIMENTO MULTIMERCADO CRÉDITO PRIVADO INVESTIMENTO NO EXTERIOR;2021-06-30;DIFERENCIAL DE SWAP A RECEBER;SWAP;;;;;;;;534174122.92;;;SCP;DOL X PRE
FI;08.771.975/0001-25;BNP PARIBAS PROPRIETÁRIO FI MULTIMERCADO CRÉDITO PRIVADO - INVESTIMENTO NO EXTERIOR;2021-06-30;DIFERENCIAL DE SWAP A PAGAR;SWAP;;;;;;;;799321685.75;;2021-09-28;SCP;DOL X PRE
FI;08.771.975/0001-25;BNP PARIBAS PROPRIETÁRIO FI MULTIMERCADO CRÉDITO PRIVADO - INVESTIMENTO NO EXTERIOR;2021-06-30;DIFERENCIAL DE SWAP A PAGAR;SWAP;;;;;;;;66451373.75;;2021-09-28;SEP;REU X PRE
FI;08.771.975/0001-25;BNP PARIBAS PROPRIETÁRIO FI MULTIMERCADO CRÉDITO PRIVADO - INVESTIMENTO NO EXTERIOR;2021-06-30;DIFERENCIAL DE SWAP A PAGAR;SWAP;;;;;;;;37931535.15;;2021-09-28;SDP;DI1 X PRE
FI;08.771.975/0001-25;BNP PARIBAS PROPRIETÁRIO FI MULTIMERCADO CRÉDITO PRIVADO - INVESTIMENTO NO EXTERIOR;2021-06-30;DIFERENCIAL DE SWAP A PAGAR;SWAP;;;;;;;;492439246.69;;2021-09-28;SDC;DI1 X DOL
FI;08.771.975/0001-25;BNP PARIBAS PROPRIETÁRIO FI MULTIMERCADO CRÉDITO PRIVADO - INVESTIMENTO NO EXTERIOR;2021-06-30;DIFERENCIAL DE SWAP A PAGAR;SWAP;;;;;;;;32301878.90;;2021-09-28;SDM;DI1 X IGM
FI;08.771.975/0001-25;BNP PARIBAS PROPRIETÁRIO FI MULTIMERCADO CRÉDITO PRIVADO - INVESTIMENTO NO EXTERIOR;2021-06-30;DIFERENCIAL DE SWAP A PAGAR;SWAP;;;;;;;;52826478.61;;2021-09-28;SDL;DI1 X IAP
FI;08.771.975/0001-25;BNP PARIBAS PROPRIETÁRIO FI MULTIMERCADO CRÉDITO PRIVADO - INVESTIMENTO NO EXTERIOR;2021-06-30;DIFERENCIAL DE SWAP A RECEBER;SWAP;;;;;;;;402225142.38;;2021-09-28;SEP;REU X PRE
FI;08.771.975/0001-25;BNP PARIBAS PROPRIETÁRIO FI MULTIMERCADO CRÉDITO PRIVADO - INVESTIMENTO NO EXTERIOR;2021-06-30;DIFERENCIAL DE SWAP A RECEBER;SWAP;;;;;;;;1273926054.72;;2021-09-28;SCP;DOL X PRE
FI;08.771.975/0001-25;BNP PARIBAS PROPRIETÁRIO FI MULTIMERCADO CRÉDITO PRIVADO - INVESTIMENTO NO EXTERIOR;2021-06-30;DIFERENCIAL DE SWAP A RECEBER;SWAP;;;;;;;;606118933.95;;2021-09-28;SDC;DI1 X DOL
FI;08.771.975/0001-25;BNP PARIBAS PROPRIETÁRIO FI MULTIMERCADO CRÉDITO PRIVADO - INVESTIMENTO NO EXTERIOR;2021-06-30;DIFERENCIAL DE SWAP A RECEBER;SWAP;;;;;;;;10515495.09;;2021-09-28;SDE;DI1 X REU
FI;08.771.975/0001-25;BNP PARIBAS PROPRIETÁRIO FI MULTIMERCADO CRÉDITO PRIVADO - INVESTIMENTO NO EXTERIOR;2021-06-30;DIFERENCIAL DE SWAP A RECEBER;SWAP;;;;;;;;29889023.14;;2021-09-28;SDP;DI1 X PRE
FI;09.228.836/0001-12;HORIZON FUNDO DE INVESTIMENTO MULTIMERCADO CRÉDITO PRIVADO - INVESTIMENTO NO EXTERIOR;2021-06-30;DIFERENCIAL DE SWAP A PAGAR;SWAP;;;;;;;;27691470.67;;2021-09-28;SDP;DI1 X PRE
FI;09.228.836/0001-12;HORIZON FUNDO DE INVESTIMENTO MULTIMERCADO CRÉDITO PRIVADO - INVESTIMENTO NO EXTERIOR;2021-06-30;DIFERENCIAL DE SWAP A PAGAR;SWAP;;;;;;;;8998667.78;;2021-09-28;SDL;DI1 X IAP
FI;09.228.836/0001-12;HORIZON FUNDO DE INVESTIMENTO MULTIMERCADO CRÉDITO PRIVADO - INVESTIMENTO NO EXTERIOR;2021-06-30;DIFERENCIAL DE SWAP A RECEBER;SWAP;;;;;;;;37661471.98;;2021-09-28;SDP;DI1 X PRE
FI;09.228.836/0001-12;HORIZON FUNDO DE INVESTIMENTO MULTIMERCADO CRÉDITO PRIVADO - INVESTIMENTO NO EXTERIOR;2021-06-30;DIFERENCIAL DE SWAP A RECEBER;SWAP;;;;;;;;63429544.55;;2021-09-28;SDL;DI1 X IAP
FI;09.241.756/0001-05;BRAM H FUNDO DE INVESTIMENTO RENDA FIXA LONGO PRAZO VOLGA;2021-06-30;DIFERENCIAL DE SWAP A PAGAR;SWAP;;;;;;;;43252880.85;;;SDL;DI1 X IAP
FI;09.241.756/0001-05;BRAM H FUNDO DE INVESTIMENTO RENDA FIXA LONGO PRAZO VOLGA;2021-06-30;DIFERENCIAL DE SWAP A RECEBER;SWAP;;;;;;;;22087154.34;;;SDL;DI1 X IAP
FI;09.522.470/0001-90;BRADESCO H FUNDO DE INVESTIMENTO RENDA FIXA LONGO PRAZO PREÇOS;2021-06-30;DIFERENCIAL DE SWAP A PAGAR;SWAP;;;;;;;;8146615.01;;;SDL;DI1 X IAP
FI;09.522.470/0001-90;BRADESCO H FUNDO DE INVESTIMENTO RENDA FIXA LONGO PRAZO PREÇOS;2021-06-30;DIFERENCIAL DE SWAP A RECEBER;SWAP;;;;;;;;7884230.63;;;SDL;DI1 X IAP
FI;09.523.207/0001-15;BRADESCO FUNDO DE INVESTIMENTO MULTIMERCADO TEJO;2021-06-30;DIFERENCIAL DE SWAP A PAGAR;SWAP;;;;;;;;1530649.53;;;SDL;DI1 X IAP
FI;09.523.207/0001-15;BRADESCO FUNDO DE INVESTIMENTO MULTIMERCADO TEJO;2021-06-30;DIFERENCIAL DE SWAP A RECEBER;SWAP;;;;;;;;4489760.09;;;SDL;DI1 X IAP
FI;09.720.523/0001-87;BB PREV MULTI II FUNDO DE INVESTIMENTO MULTIMERCADO CREDITO PRIVADO;2021-06-30;DIFERENCIAL DE SWAP A PAGAR;SWAP;;;;;;;;2307330.18;;;SFD;IPC X DI1
FI;09.720.523/0001-87;BB PREV MULTI II FUNDO DE INVESTIMENTO MULTIMERCADO CREDITO PRIVADO;2021-06-30;DIFERENCIAL DE SWAP A RECEBER;SWAP;;;;;;;;11562670.61;;;SDM;DI1 X IGM
FI;11.286.399/0001-35;SEIVAL FGS MASTER AGRESSIVO FUNDO DE INVESTIMENTO MULTIMERCADO;2021-06-30;DIFERENCIAL DE SWAP A PAGAR;SWAP;;;;;;;;1683671.33;;2021-09-28;SCB;DOL X SB1
FI;11.702.105/0001-09;LIBRA FUNDO DE INVESTIMENTO MULTIMERCADO CRÉDITO PRIVADO INVESTIMENTO NO EXTERIOR;2021-06-30;DIFERENCIAL DE SWAP A PAGAR;SWAP;;;;;;;;10204154.14;;2021-09-28;SDL;DI1 X IAP
FI;11.702.105/0001-09;LIBRA FUNDO DE INVESTIMENTO MULTIMERCADO CRÉDITO PRIVADO INVESTIMENTO NO EXTERIOR;2021-06-30;DIFERENCIAL DE SWAP A RECEBER;SWAP;;;;;;;;11256497.08;;2021-09-28;SDL;DI1 X IAP
FI;11.769.285/0001-46;SPHERE FUNDO DE INVESTIMENTO MULTIMERCADO - INVESTIMENTO NO EXTERIOR CRÉDITO PRIVADO;2021-06-30;DIFERENCIAL DE SWAP A PAGAR;SWAP;;;;;;;;696814094.33;;;SDP;DI1 X PRE
FI;11.769.285/0001-46;SPHERE FUNDO DE INVESTIMENTO MULTIMERCADO - INVESTIMENTO NO EXTERIOR CRÉDITO PRIVADO;2021-06-30;DIFERENCIAL DE SWAP A PAGAR;SWAP;;;;;;;;269226826.00;;;SDC;DI1 X DOL
FI;11.769.285/0001-46;SPHERE FUNDO DE INVESTIMENTO MULTIMERCADO - INVESTIMENTO NO EXTERIOR CRÉDITO PRIVADO;2021-06-30;DIFERENCIAL DE SWAP A PAGAR;SWAP;;;;;;;;376008763.24;;;SCP;DOL X PRE
FI;11.769.285/0001-46;SPHERE FUNDO DE INVESTIMENTO MULTIMERCADO - INVESTIMENTO NO EXTERIOR CRÉDITO PRIVADO;2021-06-30;DIFERENCIAL DE SWAP A PAGAR;SWAP;;;;;;;;511051438.16;;;SDL;DI1 X IAP
FI;11.769.285/0001-46;SPHERE FUNDO DE INVESTIMENTO MULTIMERCADO - INVESTIMENTO NO EXTERIOR CRÉDITO PRIVADO;2021-06-30;DIFERENCIAL DE SWAP A RECEBER;SWAP;;;;;;;;392044050.10;;;SDP;DI1 X PRE
FI;11.769.285/0001-46;SPHERE FUNDO DE INVESTIMENTO MULTIMERCADO - INVESTIMENTO NO EXTERIOR CRÉDITO PRIVADO;2021-06-30;DIFERENCIAL DE SWAP A RECEBER;SWAP;;;;;;;;424225959.60;;;SDC;DI1 X DOL
FI;11.769.285/0001-46;SPHERE FUNDO DE INVESTIMENTO MULTIMERCADO - INVESTIMENTO NO EXTERIOR CRÉDITO PRIVADO;2021-06-30;DIFERENCIAL DE SWAP A RECEBER;SWAP;;;;;;;;162646572.27;;;SCP;DOL X PRE
FI;11.769.285/0001-46;SPHERE FUNDO DE INVESTIMENTO MULTIMERCADO - INVESTIMENTO NO EXTERIOR CRÉDITO PRIVADO;2021-06-30;DIFERENCIAL DE SWAP A RECEBER;SWAP;;;;;;;;518667096.49;;;SDL;DI1 X IAP
FI;12.610.561/0001-91;TOTAL FUNDO DE INVESTIMENTO MULTIMERCADO INVESTIMENTO NO EXTERIOR - CRÉDITO PRIVADO;2021-06-30;DIFERENCIAL DE SWAP A PAGAR;SWAP;;;;;;;;72053218.96;;2021-09-28;SDL;DI1 X IAP
FI;12.610.561/0001-91;TOTAL FUNDO DE INVESTIMENTO MULTIMERCADO INVESTIMENTO NO EXTERIOR - CRÉDITO PRIVADO;2021-06-30;DIFERENCIAL DE SWAP A RECEBER;SWAP;;;;;;;;40263101.12;;2021-09-28;SDL;DI1 X IAP
FI;13.914.334/0001-12;BRADESCO FUNDO DE INVESTIMENTO RENDA FIXA CRÉDITO PRIVADO LONGO PRAZO ELMA CHIPS;2021-06-30;DIFERENCIAL DE SWAP A RECEBER;SWAP;;;;;;;;384410.45;;;SDL;DI1 X IAP
FI;14.239.657/0001-10;FUNDO DE INVESTIMENTO CAIXA MASTER CAPITAL PROTEGIDO IBOVESPA I MULTIMERCADO;2021-06-30;DIFERENCIAL DE SWAP A RECEBER;SWAP;;;;;;;;6183237.65;;;SDP;DI1 X PRE
FI;15.037.582/0001-58;BB PREV PUBLICO RF FUNDO DE INVESTIMENTO RENDA FIXA;2021-06-30;DIFERENCIAL DE SWAP A PAGAR;SWAP;;;;;;;;2118077.13;;;SFD;IPC X DI1
FI;15.037.582/0001-58;BB PREV PUBLICO RF FUNDO DE INVESTIMENTO RENDA FIXA;2021-06-30;DIFERENCIAL DE SWAP A RECEBER;SWAP;;;;;;;;8463580.42;;;SDM;DI1 X IGM
FI;15.060.253/0001-28;QUARTZ DC PLAN FUNDO DE INVESTIMENTO RENDA FIXA PREVIDENCIÁRIO;2021-06-30;DIFERENCIAL DE SWAP A PAGAR;SWAP;;;;;;;;2962403.00;;;SDL;DI1 X IAP
FI;15.259.071/0001-80;BRADESCO H FUNDO DE INVESTIMENTO RENDA FIXA NILO;2021-06-30;DIFERENCIAL DE SWAP A PAGAR;SWAP;;;;;;;;37765731.76;;2021-09-28;SDL;DI1 X IAP
FI;15.259.071/0001-80;BRADESCO H FUNDO DE INVESTIMENTO RENDA FIXA NILO;2021-06-30;DIFERENCIAL DE SWAP A RECEBER;SWAP;;;;;;;;38344604.28;;2021-09-28;SDL;DI1 X IAP
FI;15.740.377/0001-54;SANTANDER FI DIAMANTINA MULTIMERCADO CRÉDITO PRIVADO INVESTIMENTO NO EXTERIOR;2021-06-30;DIFERENCIAL DE SWAP A PAGAR;SWAP;;;;;;;;7591570.81;;;SDP;DI1 X PRE
FI;15.740.377/0001-54;SANTANDER FI DIAMANTINA MULTIMERCADO CRÉDITO PRIVADO INVESTIMENTO NO EXTERIOR;2021-06-30;DIFERENCIAL DE SWAP A RECEBER;SWAP;;;;;;;;127788543.10;;;SDP;DI1 X PRE
FI;16.916.060/0001-99;FUNDO DE INVESTIMENTO CAIXA INDEXA OURO MULTIMERCADO LONGO PRAZO;2021-06-30;DIFERENCIAL DE SWAP A PAGAR;SWAP;;;;;;;;8419544.13;;;Outros;999 X 999
FI;16.916.060/0001-99;FUNDO DE INVESTIMENTO CAIXA INDEXA OURO MULTIMERCADO LONGO PRAZO;2021-06-30;DIFERENCIAL DE SWAP A RECEBER;SWAP;;;;;;;;61383.37;;;Outros;999 X 999
FI;17.138.500/0001-97;SANTANDER FI AMAZONAS MULT CRED PRIV IE;2021-06-30;DIFERENCIAL DE SWAP A PAGAR;SWAP;;;;;;;;359765207.00;;;SDP;DI1 X PRE
FI;17.247.835/0001-43;SOCJOV FUNDO DE INVESTIMENTO MULTIMERCADO CRÉDITO PRIVADO INVESTIMENTO NO EXTERIOR;2021-06-30;DIFERENCIAL DE SWAP A PAGAR;SWAP;;;;;;;;477296.62;;;SDP;DI1 X PRE
FI;17.420.899/0001-02;PRAIA DO LESTE FUNDO DE INVESTIMENTO MULTIMERCADO CRÉDITO PRIVADO INVESTIMENTO NO EXTERIOR;2021-06-30;DIFERENCIAL DE SWAP A RECEBER;SWAP;;;;;;;;56951.46;;;SDP;DI1 X PRE
FI;19.527.065/0001-18;XP DEBENTURES INCENTIVADAS CRÉDITO PRIVADO MASTER FUNDO DE INVESTIMENTO MULTIMERCADO;2021-06-30;DIFERENCIAL DE SWAP A PAGAR;SWAP;;;;;;;;1688178.34;;2021-09-28;SDL;DI1 X IAP
FI;19.527.065/0001-18;XP DEBENTURES INCENTIVADAS CRÉDITO PRIVADO MASTER FUNDO DE INVESTIMENTO MULTIMERCADO;2021-06-30;DIFERENCIAL DE SWAP A RECEBER;SWAP;;;;;;;;1287726.68;;2021-09-28;SDL;DI1 X IAP
FI;19.531.929/0001-75;BANESES CRÉDITO PRIVADO FUNDO DE INVESTIMENTO RENDA FIXA;2021-06-30;DIFERENCIAL DE SWAP A RECEBER;SWAP;;;;;;;;151229.82;;;SDL;DI1 X IAP
FI;20.147.758/0001-64;FUNDO DE INVESTIMENTO MULTIMERCADO FUNBR;2021-06-30;DIFERENCIAL DE SWAP A PAGAR;SWAP;;;;;;;;3217516.14;;;SDL;DI1 X IAP
FI;20.147.758/0001-64;FUNDO DE INVESTIMENTO MULTIMERCADO FUNBR;2021-06-30;DIFERENCIAL DE SWAP A RECEBER;SWAP;;;;;;;;1587216.45;;;SDL;DI1 X IAP
FI;21.791.224/0001-39;DESTERRO FUNDO DE INVESTIMENTO RENDA FIXA CRÉDITO PRIVADO;2021-06-30;DIFERENCIAL DE SWAP A RECEBER;SWAP;;;;;;;;214525.10;;;SDL;DI1 X IAP
FI;22.681.938/0001-57;LC GLOBAL MASTER FUNDO DE INVESTIMENTO MULTIMERCADO CRÉDITO PRIVADO INVESTIMENTO NO EXTERIOR;2021-06-30;DIFERENCIAL DE SWAP A PAGAR;SWAP;;;;;;;;789199.48;;;Outros;999 X 999
FI;22.791.190/0001-45;FUNDO DE INVESTIMENTO CAIXA MASTER CAPITAL PROTEGIDO BOLSA DE VALORES III MULTIMERCADO;2021-06-30;DIFERENCIAL DE SWAP A PAGAR;SWAP;;;;;;;;2231974.16;;;SDP;DI1 X PRE
FI;22.975.153/0001-97;GLADIUS FUNDO DE INVESTIMENTO MULTIMERCADO CRÉDITO PRIVADO INVESTIMENTO NO EXTERIOR;2021-06-30;DIFERENCIAL DE SWAP A PAGAR;SWAP;;;;;;;;6690268.68;;;SNP;IND X PRE
FI;22.975.153/0001-97;GLADIUS FUNDO DE INVESTIMENTO MULTIMERCADO CRÉDITO PRIVADO INVESTIMENTO NO EXTERIOR;2021-06-30;DIFERENCIAL DE SWAP A PAGAR;SWAP;;;;;;;;53241549.65;;;SDP;DI1 X PRE
FI;22.975.153/0001-97;GLADIUS FUNDO DE INVESTIMENTO MULTIMERCADO CRÉDITO PRIVADO INVESTIMENTO NO EXTERIOR;2021-06-30;DIFERENCIAL DE SWAP A PAGAR;SWAP;;;;;;;;50832192.97;;;SDL;DI1 X IAP
FI;22.975.153/0001-97;GLADIUS FUNDO DE INVESTIMENTO MULTIMERCADO CRÉDITO PRIVADO INVESTIMENTO NO EXTERIOR;2021-06-30;DIFERENCIAL DE SWAP A PAGAR;SWAP;;;;;;;;45382664.77;;;SLP;IAP X PRE
FI;22.975.153/0001-97;GLADIUS FUNDO DE INVESTIMENTO MULTIMERCADO CRÉDITO PRIVADO INVESTIMENTO NO EXTERIOR;2021-06-30;DIFERENCIAL DE SWAP A RECEBER;SWAP;;;;;;;;15813.60;;;SNP;IND X PRE
FI;22.975.153/0001-97;GLADIUS FUNDO DE INVESTIMENTO MULTIMERCADO CRÉDITO PRIVADO INVESTIMENTO NO EXTERIOR;2021-06-30;DIFERENCIAL DE SWAP A RECEBER;SWAP;;;;;;;;23860110.13;;;SDP;DI1 X PRE
FI;22.975.153/0001-97;GLADIUS FUNDO DE INVESTIMENTO MULTIMERCADO CRÉDITO PRIVADO INVESTIMENTO NO EXTERIOR;2021-06-30;DIFERENCIAL DE SWAP A RECEBER;SWAP;;;;;;;;93709966.92;;;SDL;DI1 X IAP
FI;22.975.153/0001-97;GLADIUS FUNDO DE INVESTIMENTO MULTIMERCADO CRÉDITO PRIVADO INVESTIMENTO NO EXTERIOR;2021-06-30;DIFERENCIAL DE SWAP A RECEBER;SWAP;;;;;;;;2298073.90;;;SLP;IAP X PRE
FI;23.720.458/0001-10;FALX FUNDO DE INVESTIMENTO MULTIMERCADO CRÉDITO PRIVADO INVESTIMENTO NO EXTERIOR;2021-06-30;DIFERENCIAL DE SWAP A PAGAR;SWAP;;;;;;;;5409439.38;;;SDL;DI1 X IAP
FI;23.720.458/0001-10;FALX FUNDO DE INVESTIMENTO MULTIMERCADO CRÉDITO PRIVADO INVESTIMENTO NO EXTERIOR;2021-06-30;DIFERENCIAL DE SWAP A RECEBER;SWAP;;;;;;;;24236647.15;;;SDL;DI1 X IAP
FI;23.964.418/0001-14;AGROS 1 MULTIMERCADO CRÉDITO PRIVADO FUNDO DE INVESTIMENTO;2021-06-30;DIFERENCIAL DE SWAP A PAGAR;SWAP;;;;;;;;46110.63;;;SDP;DI1 X PRE
FI;24.018.842/0001-39;SCORPIO FUNDO DE INVESTIMENTO MULTIMERCADO CRÉDITO PRIVADO INVESTIMENTO NO EXTERIOR;2021-06-30;DIFERENCIAL DE SWAP A PAGAR;SWAP;;;;;;;;20908995.54;;;SDL;DI1 X IAP
FI;24.018.842/0001-39;SCORPIO FUNDO DE INVESTIMENTO MULTIMERCADO CRÉDITO PRIVADO INVESTIMENTO NO EXTERIOR;2021-06-30;DIFERENCIAL DE SWAP A RECEBER;SWAP;;;;;;;;5338779.71;;;SDL;DI1 X IAP
FI;26.173.300/0001-66;EXPERTISE MULTIMERCADO FUNDO DE INVESTIMENTO CRÉDITO PRIVADO INVESTIMENTO NO EXTERIOR;2021-06-30;DIFERENCIAL DE SWAP A PAGAR;SWAP;;;;;;;;403456681.95;;;SDC;DI1 X DOL
FI;26.173.300/0001-66;EXPERTISE MULTIMERCADO FUNDO DE INVESTIMENTO CRÉDITO PRIVADO INVESTIMENTO NO EXTERIOR;2021-06-30;DIFERENCIAL DE SWAP A RECEBER;SWAP;;;;;;;;18609734.84;;;SDC;DI1 X DOL
FI;28.663.511/0001-02;FUNDO DE INVESTIMENTO PREVIDENCIÁRIO CAIXA PREVINVEST MULTIMERCADO ESTRATÉGIA LIVRE;2021-06-30;DIFERENCIAL DE SWAP A PAGAR;SWAP;;;;;;;;209568.02;;;SDP;DI1 X PRE
FI;28.663.511/0001-02;FUNDO DE INVESTIMENTO PREVIDENCIÁRIO CAIXA PREVINVEST MULTIMERCADO ESTRATÉGIA LIVRE;2021-06-30;DIFERENCIAL DE SWAP A RECEBER;SWAP;;;;;;;;111070.39;;;SDP;DI1 X PRE
FI;30.068.286/0001-08;FUNDO DE INVESTIMENTO CAIXA MASTER CAPITAL PROTEGIDO BOLSA DE VALORES II MULTIMERCADO;2021-06-30;DIFERENCIAL DE SWAP A RECEBER;SWAP;;;;;;;;3333122.18;;;SDP;DI1 X PRE
FI;30.102.276/0001-41;SANTANDER HERMES RF FUNDO INCENTIVADO DE INVESTIMENTO EM INFRA;2021-06-30;DIFERENCIAL DE SWAP A PAGAR;SWAP;;;;;;;;58486163.17;;;SDL;DI1 X IAP
FI;33.897.790/0001-09;3I ITAÚ IDEIAS DE INVESTIMENTO E-SPORTS ESTRATÉGIA PROTEGIDA FUNDO DE INVESTIMENTO MULTIMERCADO;2021-06-30;DIFERENCIAL DE SWAP A RECEBER;SWAP;;;;;;;;1189693.89;;;SDP;DI1 X PRE
FI;33.913.576/0001-07;DB II FIM INVESTIMENTO NO EXTERIOR CRÉDITO PRIVADO;2021-06-30;DIFERENCIAL DE SWAP A PAGAR;SWAP;;;;;;;;88631296.34;;;SCP;DOL X PRE
FI;33.913.576/0001-07;DB II FIM INVESTIMENTO NO EXTERIOR CRÉDITO PRIVADO;2021-06-30;DIFERENCIAL DE SWAP A PAGAR;SWAP;;;;;;;;28174558.33;;;SDC;DI1 X DOL
FI;33.913.576/0001-07;DB II FIM INVESTIMENTO NO EXTERIOR CRÉDITO PRIVADO;2021-06-30;DIFERENCIAL DE SWAP A RECEBER;SWAP;;;;;;;;1585425.87;;;SDP;DI1 X PRE
FI;33.913.576/0001-07;DB II FIM INVESTIMENTO NO EXTERIOR CRÉDITO PRIVADO;2021-06-30;DIFERENCIAL DE SWAP A RECEBER;SWAP;;;;;;;;91452549.97;;;SCP;DOL X PRE
FI;34.626.161/0001-07;ONDINA FUNDO DE INVESTIMENTO MULTIMERCADO INVESTIMENTO NO EXTERIOR CRÉDITO PRIVADO;2021-06-30;DIFERENCIAL DE SWAP A RECEBER;SWAP;;;;;;;;112176.45;;2021-09-28;SDP;DI1 X PRE
FI;34.660.200/0001-92;FUNDO DE INVESTIMENTO CAIXA MASTER ESTRATÉGIA LIVRE MULTIMERCADO LONGO PRAZO;2021-06-30;DIFERENCIAL DE SWAP A PAGAR;SWAP;;;;;;;;1134656.00;;;SDP;DI1 X PRE
FI;34.660.200/0001-92;FUNDO DE INVESTIMENTO CAIXA MASTER ESTRATÉGIA LIVRE MULTIMERCADO LONGO PRAZO;2021-06-30;DIFERENCIAL DE SWAP A RECEBER;SWAP;;;;;;;;1456272.76;;;SDP;DI1 X PRE
FI;34.713.026/0001-07;TARPON WAHOO FUNDO DE INVESTIMENTO DE ACOES;2021-06-30;DIFERENCIAL DE SWAP A PAGAR;SWAP;;;;;;;;460665.84;;2021-09-28;SCP;DOL X PRE
FI;34.713.026/0001-07;TARPON WAHOO FUNDO DE INVESTIMENTO DE ACOES;2021-06-30;DIFERENCIAL DE SWAP A RECEBER;SWAP;;;;;;;;5867.91;;2021-09-28;SCP;DOL X PRE
FI;35.556.444/0001-92;WELLINGTON VENTURA ADVISORY FIA IE;2021-06-30;DIFERENCIAL DE SWAP A PAGAR;SWAP;;;;;;;;351449.91;;2021-09-28;SCP;DOL X PRE
FI;35.556.444/0001-92;WELLINGTON VENTURA ADVISORY FIA IE;2021-06-30;DIFERENCIAL DE SWAP A RECEBER;SWAP;;;;;;;;10638469.61;;2021-09-28;SCP;DOL X PRE
FI;35.690.218/0001-08;BB MULTIMERCADO OURO FUNDO DE INVESTIMENTO;2021-06-30;DIFERENCIAL DE SWAP A PAGAR;SWAP;;;;;;;;13158537.21;;2021-09-28;SCO;DOL X OZ1
FI;35.803.288/0001-17;CAPSTONE MACRO MASTER FUNDO DE INVESTIMENTO MULTIMERCADO;2021-06-30;DIFERENCIAL DE SWAP A RECEBER;SWAP;;;;;;;;270723691.35;;2021-09-28;SDC;DI1 X DOL
FI;36.671.672/0001-76;PLURAL OURO  FUNDO DE INVESTIMENTO MULTIMERCADO;2021-06-30;DIFERENCIAL DE SWAP A PAGAR;SWAP;;;;;;;;1104610.64;;;Outros;999 X 999
FI;36.671.885/0001-06;CDGS FUNDO DE INVESTIMENTO MULTIMERCADO CRÉDITO PRIVADO INVESTIMENTO NO EXTERIOR;2021-06-30;DIFERENCIAL DE SWAP A PAGAR;SWAP;;;;;;;;58875.17;;;SDP;DI1 X PRE
FI;36.671.885/0001-06;CDGS FUNDO DE INVESTIMENTO MULTIMERCADO CRÉDITO PRIVADO INVESTIMENTO NO EXTERIOR;2021-06-30;DIFERENCIAL DE SWAP A RECEBER;SWAP;;;;;;;;2157.77;;;SDP;DI1 X PRE
FI;36.771.708/0001-93;STIMA ENERGIA FUNDO DE INVESTIMENTO MULTIMERCADO;2021-06-30;DIFERENCIAL DE SWAP A PAGAR;SWAP;;;;;;;;33144972.17;;2021-09-28;SCP;DOL X PRE
FI;36.771.708/0001-93;STIMA ENERGIA FUNDO DE INVESTIMENTO MULTIMERCADO;2021-06-30;DIFERENCIAL DE SWAP A RECEBER;SWAP;;;;;;;;39668582.22;;2021-09-28;SCP;DOL X PRE
FI;37.282.649/0001-52;WARREN TECH FUNDO DE INVESTIMENTO EM AÇÕES BDR NÍVEL I;2021-06-30;DIFERENCIAL DE SWAP A PAGAR;SWAP;;;;;;;;177330.60;;;SCB;DOL X SB1
FI;37.553.253/0001-00;NIMROD FUNDO DE INVESTIMENTO MULTIMERCADO CRÉDITO PRIVADO INVESTIMENTO NO EXTERIOR;2021-06-30;DIFERENCIAL DE SWAP A PAGAR;SWAP;;;;;;;;5352856.79;;;SDL;DI1 X IAP
FI;37.553.253/0001-00;NIMROD FUNDO DE INVESTIMENTO MULTIMERCADO CRÉDITO PRIVADO INVESTIMENTO NO EXTERIOR;2021-06-30;DIFERENCIAL DE SWAP A PAGAR;SWAP;;;;;;;;32111858.28;;;SDP;DI1 X PRE
FI;37.553.253/0001-00;NIMROD FUNDO DE INVESTIMENTO MULTIMERCADO CRÉDITO PRIVADO INVESTIMENTO NO EXTERIOR;2021-06-30;DIFERENCIAL DE SWAP A RECEBER;SWAP;;;;;;;;57656213.40;;;SDP;DI1 X PRE
FI;37.985.879/0001-88;J ESG EMERGING MARKETS ADVISORY FUNDO DE INVESTIMENTO EM AÇÕES INVESTIMENTO NO EXTERIOR;2021-06-30;DIFERENCIAL DE SWAP A PAGAR;SWAP;;;;;;;;14462.67;;2021-09-28;SCP;DOL X PRE
FI;37.985.879/0001-88;J ESG EMERGING MARKETS ADVISORY FUNDO DE INVESTIMENTO EM AÇÕES INVESTIMENTO NO EXTERIOR;2021-06-30;DIFERENCIAL DE SWAP A RECEBER;SWAP;;;;;;;;515578.83;;2021-09-28;SCP;DOL X PRE
FI;38.000.966/0001-00;CAPITALE FUNDO DE INVESTIMENTO MULTIMERCADO;2021-06-30;DIFERENCIAL DE SWAP A PAGAR;SWAP;;;;;;;;43745.38;;;SCP;DOL X PRE
FI;38.000.966/0001-00;CAPITALE FUNDO DE INVESTIMENTO MULTIMERCADO;2021-06-30;DIFERENCIAL DE SWAP A RECEBER;SWAP;;;;;;;;87526.72;;;SCP;DOL X PRE
FI;38.074.871/0001-22;GALAPAGOS ALTERNATIVOS GLOBAL MULTIGESTORES FEEDER BRL FUNDO DE INVESTIMENTO MULTIMERCADO IE;2021-06-30;DIFERENCIAL DE SWAP A RECEBER;SWAP;;;;;;;;535189.11;;;SCP;DOL X PRE
FI;38.077.221/0001-30;WELLINGTON EUROPEAN EQUITY ADVISORY FIA IE;2021-06-30;DIFERENCIAL DE SWAP A PAGAR;SWAP;;;;;;;;87856.56;;2021-09-28;SCP;DOL X PRE
FI;38.077.221/0001-30;WELLINGTON EUROPEAN EQUITY ADVISORY FIA IE;2021-06-30;DIFERENCIAL DE SWAP A RECEBER;SWAP;;;;;;;;867181.22;;2021-09-28;SCP;DOL X PRE
FI;38.428.156/0001-40;J CHINA EQUITY ADVISORY FUNDO DE INVESTIMENTO EM AÇÕES INVESTIMENTO NO EXTERIOR;2021-06-30;DIFERENCIAL DE SWAP A PAGAR;SWAP;;;;;;;;270281.56;;2021-09-28;SCP;DOL X PRE
FI;38.428.156/0001-40;J CHINA EQUITY ADVISORY FUNDO DE INVESTIMENTO EM AÇÕES INVESTIMENTO NO EXTERIOR;2021-06-30;DIFERENCIAL DE SWAP A RECEBER;SWAP;;;;;;;;7756630.28;;2021-09-28;SCP;DOL X PRE
FI;38.443.120/0001-36;WELLINGTON ASIA TECHNOLOGY ADVISORY FIA IE;2021-06-30;DIFERENCIAL DE SWAP A PAGAR;SWAP;;;;;;;;61521.67;;2021-09-28;SCP;DOL X PRE
FI;38.443.120/0001-36;WELLINGTON ASIA TECHNOLOGY ADVISORY FIA IE;2021-06-30;DIFERENCIAL DE SWAP A RECEBER;SWAP;;;;;;;;2113640.24;;2021-09-28;SCP;DOL X PRE
FI;38.542.686/0001-15;WELLINGTON EMERGING MARKET DEVELOPMENT ADVISORY FIA IE;2021-06-30;DIFERENCIAL DE SWAP A PAGAR;SWAP;;;;;;;;11848.55;;2021-09-28;SCP;DOL X PRE
FI;38.542.686/0001-15;WELLINGTON EMERGING MARKET DEVELOPMENT ADVISORY FIA IE;2021-06-30;DIFERENCIAL DE SWAP A RECEBER;SWAP;;;;;;;;298998.61;;2021-09-28;SCP;DOL X PRE
FI;38.542.816/0001-10;WELLINGTON ALL-CHINA FOCUS EQUITY ADVISORY FUNDO DE INVESTIMENTO EM AÇÕES IE;2021-06-30;DIFERENCIAL DE SWAP A PAGAR;SWAP;;;;;;;;417603.98;;2021-09-28;SCP;DOL X PRE
FI;38.596.762/0001-75;JUPITER EUROPEAN GROWTH ADVISORY FIA IE;2021-06-30;DIFERENCIAL DE SWAP A PAGAR;SWAP;;;;;;;;5284.16;;2021-09-28;SCP;DOL X PRE
FI;38.596.762/0001-75;JUPITER EUROPEAN GROWTH ADVISORY FIA IE;2021-06-30;DIFERENCIAL DE SWAP A RECEBER;SWAP;;;;;;;;103517.94;;2021-09-28;SCP;DOL X PRE
FI;38.597.751/0001-00;BLACKROCK GLOBAL IMPACT ADVISORY FIA IE;2021-06-30;DIFERENCIAL DE SWAP A PAGAR;SWAP;;;;;;;;25030.76;;2021-09-28;SCP;DOL X PRE
FI;38.610.795/0001-22;WELLINGTON VENTURA 30 ADVISORY FUNDO DE INVESTIMENTO EM AÇÕES IE;2021-06-30;DIFERENCIAL DE SWAP A PAGAR;SWAP;;;;;;;;127255.63;;2021-09-28;SCP;DOL X PRE
FI;38.610.795/0001-22;WELLINGTON VENTURA 30 ADVISORY FUNDO DE INVESTIMENTO EM AÇÕES IE;2021-06-30;DIFERENCIAL DE SWAP A RECEBER;SWAP;;;;;;;;2568049.57;;2021-09-28;SCP;DOL X PRE
FI;39.723.190/0001-00;NORDEA GLOBAL STARS ADVISORY FIA IE;2021-06-30;DIFERENCIAL DE SWAP A PAGAR;SWAP;;;;;;;;215117.09;;2021-09-28;SCP;DOL X PRE
FI;39.723.401/0001-05;BNP PARIBAS CAPITAL PROTEGIDO MASTER SUSTENTABILIDADE AGUA FIM;2021-06-30;DIFERENCIAL DE SWAP A PAGAR;SWAP;;;;;;;;834458.09;;;SDP;DI1 X PRE
FI;40.063.739/0001-67;ALPHATAURI LONG BIASED FUNDO DE INVESTIMENTO EM AÇÕES;2021-06-30;DIFERENCIAL DE SWAP A PAGAR;SWAP;;;;;;;;58926.93;;2021-08-29;Outros;999 X 999
FI;40.750.982/0001-53;ABERDEEN CHINA EQUITY ADVISORY FIA IE;2021-06-30;DIFERENCIAL DE SWAP A PAGAR;SWAP;;;;;;;;57110.01;;2021-09-28;SCP;DOL X PRE
FI;40.887.546/0001-20;J ASIA GROWTH ADVISORY FIA IE;2021-06-30;DIFERENCIAL DE SWAP A PAGAR;SWAP;;;;;;;;2382.38;;2021-09-28;SCP;DOL X PRE
FI;71.586.432/0001-74;BRAM H FUNDO DE INVESTIMENTO MULTIMERCADO CRÉDITO PRIVADO MULTI;2021-06-30;DIFERENCIAL DE SWAP A PAGAR;SWAP;;;;;;;;19729352.35;;2021-09-28;SDL;DI1 X IAP
FI;71.586.432/0001-74;BRAM H FUNDO DE INVESTIMENTO MULTIMERCADO CRÉDITO PRIVADO MULTI;2021-06-30;DIFERENCIAL DE SWAP A RECEBER;SWAP;;;;;;;;5548280.25;;2021-09-28;SDL;DI1 X IAP
FMP-FGTS;02.727.085/0001-30;MÁXIMA  FMP - FGTS  PETROBRAS;2021-06-30;DIFERENCIAL DE SWAP A PAGAR;SWAP;;;;;;;;0.00;;;SDP;DI1 X PRE
FMP-FGTS;03.919.474/0001-20;BANESTES  FMP - FGTS  PETROBRAS;2021-06-30;DIFERENCIAL DE SWAP A PAGAR;SWAP;;;;;;;;0.00;;;SDP;DI1 X PRE
FMP-FGTS;04.894.428/0001-86;BANESTES FMP-FGTS VALE DO RIO DOCE;2021-06-30;DIFERENCIAL DE SWAP A PAGAR;SWAP;;;;;;;;0.00;;;SDP;DI1 X PRE
